True,Predicted,True_Label,Pred_Label
8,45,Complaint,Wisdom
42,11,Shame,Courage
34,18,Philosophy,Happiness
11,37,Courage,Responsibility
25,28,Longing,Melancholy
39,26,Sadness,Love
33,39,Patriotism,Sadness
25,28,Longing,Melancholy
39,18,Sadness,Happiness
39,33,Sadness,Patriotism
17,10,Gratitude,Contentment
26,35,Love,Pride
12,28,Despair,Melancholy
39,31,Sadness,Nature
25,8,Longing,Complaint
25,28,Longing,Melancholy
39,31,Sadness,Nature
39,31,Sadness,Nature
39,31,Sadness,Nature
28,25,Melancholy,Longing
33,39,Patriotism,Sadness
21,37,Humility,Responsibility
34,29,Philosophy,Mixed
25,28,Longing,Melancholy
25,28,Longing,Melancholy
4,17,Caution,Gratitude
25,22,Longing,Integrity
0,39,Anger,Sadness
7,35,Compassion,Pride
25,28,Longing,Melancholy
12,28,Despair,Melancholy
31,34,Nature,Philosophy
31,29,Nature,Mixed
34,39,Philosophy,Sadness
39,31,Sadness,Nature
28,25,Melancholy,Longing
39,34,Sadness,Philosophy
26,45,Love,Wisdom
5,19,Clarity,Honesty
25,22,Longing,Integrity
34,18,Philosophy,Happiness
31,29,Nature,Mixed
18,39,Happiness,Sadness
17,21,Gratitude,Humility
37,14,Responsibility,Duty
42,14,Shame,Duty
18,39,Happiness,Sadness
25,28,Longing,Melancholy
12,25,Despair,Longing
17,19,Gratitude,Honesty
39,31,Sadness,Nature
29,18,Mixed,Happiness
25,28,Longing,Melancholy
4,36,Caution,Respect
26,4,Love,Caution
31,33,Nature,Patriotism
25,28,Longing,Melancholy
28,25,Melancholy,Longing
37,8,Responsibility,Complaint
16,36,Generosity,Respect
0,39,Anger,Sadness
25,37,Longing,Responsibility
39,0,Sadness,Anger
25,12,Longing,Despair
25,28,Longing,Melancholy
25,10,Longing,Contentment
26,0,Love,Anger
25,22,Longing,Integrity
31,39,Nature,Sadness
39,34,Sadness,Philosophy
25,35,Longing,Pride
25,28,Longing,Melancholy
26,29,Love,Mixed
45,21,Wisdom,Humility
2,22,Calmness,Integrity
28,25,Melancholy,Longing
42,16,Shame,Generosity
39,31,Sadness,Nature
15,33,Fear,Patriotism
25,28,Longing,Melancholy
25,12,Longing,Despair
25,28,Longing,Melancholy
4,17,Caution,Gratitude
19,23,Honesty,Joy
18,39,Happiness,Sadness
19,36,Honesty,Respect
35,11,Pride,Courage
43,19,Skill,Honesty
39,33,Sadness,Patriotism
25,28,Longing,Melancholy
34,39,Philosophy,Sadness
0,34,Anger,Philosophy
0,33,Anger,Patriotism
26,18,Love,Happiness
34,29,Philosophy,Mixed
25,17,Longing,Gratitude
29,34,Mixed,Philosophy
34,29,Philosophy,Mixed
15,18,Fear,Happiness
26,42,Love,Shame
36,24,Respect,Kindness
41,23,Self-Control,Joy
39,34,Sadness,Philosophy
26,6,Love,Commitment
13,39,Devotion,Sadness
25,16,Longing,Generosity
25,28,Longing,Melancholy
26,45,Love,Wisdom
26,33,Love,Patriotism
34,39,Philosophy,Sadness
29,18,Mixed,Happiness
39,34,Sadness,Philosophy
29,31,Mixed,Nature
25,28,Longing,Melancholy
19,23,Honesty,Joy
25,11,Longing,Courage
22,9,Integrity,Confidence
26,39,Love,Sadness
15,39,Fear,Sadness
26,30,Love,Modesty
21,36,Humility,Respect
39,34,Sadness,Philosophy
25,28,Longing,Melancholy
26,34,Love,Philosophy
14,45,Duty,Wisdom
10,9,Contentment,Confidence
37,9,Responsibility,Confidence
39,31,Sadness,Nature
25,28,Longing,Melancholy
25,42,Longing,Shame
20,38,Hospitality,Reverence
5,37,Clarity,Responsibility
37,3,Responsibility,Care
37,42,Responsibility,Shame
31,34,Nature,Philosophy
25,9,Longing,Confidence
39,29,Sadness,Mixed
15,18,Fear,Happiness
24,42,Kindness,Shame
22,36,Integrity,Respect
26,29,Love,Mixed
26,8,Love,Complaint
36,45,Respect,Wisdom
4,7,Caution,Compassion
35,45,Pride,Wisdom
39,34,Sadness,Philosophy
37,19,Responsibility,Honesty
15,31,Fear,Nature
13,28,Devotion,Melancholy
4,42,Caution,Shame
34,39,Philosophy,Sadness
34,33,Philosophy,Patriotism
33,0,Patriotism,Anger
25,22,Longing,Integrity
44,19,Sorrow,Honesty
39,34,Sadness,Philosophy
23,45,Joy,Wisdom
25,12,Longing,Despair
28,25,Melancholy,Longing
25,28,Longing,Melancholy
35,4,Pride,Caution
30,1,Modesty,Betrayal
31,33,Nature,Patriotism
45,4,Wisdom,Caution
25,28,Longing,Melancholy
15,18,Fear,Happiness
35,42,Pride,Shame
18,39,Happiness,Sadness
39,34,Sadness,Philosophy
25,28,Longing,Melancholy
39,31,Sadness,Nature
36,4,Respect,Caution
25,45,Longing,Wisdom
18,39,Happiness,Sadness
18,29,Happiness,Mixed
15,39,Fear,Sadness
17,9,Gratitude,Confidence
26,31,Love,Nature
25,28,Longing,Melancholy
18,34,Happiness,Philosophy
0,39,Anger,Sadness
42,37,Shame,Responsibility
26,29,Love,Mixed
9,23,Confidence,Joy
37,9,Responsibility,Confidence
39,31,Sadness,Nature
0,34,Anger,Philosophy
25,28,Longing,Melancholy
28,25,Melancholy,Longing
39,18,Sadness,Happiness
43,42,Skill,Shame
29,39,Mixed,Sadness
25,35,Longing,Pride
13,39,Devotion,Sadness
26,4,Love,Caution
29,39,Mixed,Sadness
13,29,Devotion,Mixed
25,28,Longing,Melancholy
25,28,Longing,Melancholy
33,34,Patriotism,Philosophy
13,39,Devotion,Sadness
26,39,Love,Sadness
25,19,Longing,Honesty
25,17,Longing,Gratitude
37,21,Responsibility,Humility
25,28,Longing,Melancholy
25,22,Longing,Integrity
33,31,Patriotism,Nature
42,41,Shame,Self-Control
36,16,Respect,Generosity
2,41,Calmness,Self-Control
25,28,Longing,Melancholy
32,10,Patience,Contentment
26,41,Love,Self-Control
11,45,Courage,Wisdom
39,33,Sadness,Patriotism
4,22,Caution,Integrity
39,18,Sadness,Happiness
25,41,Longing,Self-Control
15,14,Fear,Duty
26,4,Love,Caution
41,10,Self-Control,Contentment
41,37,Self-Control,Responsibility
39,34,Sadness,Philosophy
31,33,Nature,Patriotism
39,34,Sadness,Philosophy
26,42,Love,Shame
39,18,Sadness,Happiness
15,34,Fear,Philosophy
39,18,Sadness,Happiness
10,4,Contentment,Caution
0,34,Anger,Philosophy
26,29,Love,Mixed
26,45,Love,Wisdom
31,34,Nature,Philosophy
26,34,Love,Philosophy
39,31,Sadness,Nature
25,28,Longing,Melancholy
26,29,Love,Mixed
25,28,Longing,Melancholy
39,34,Sadness,Philosophy
15,34,Fear,Philosophy
35,40,Pride,Security
19,17,Honesty,Gratitude
42,21,Shame,Humility
25,20,Longing,Hospitality
7,36,Compassion,Respect
33,13,Patriotism,Devotion
4,22,Caution,Integrity
38,23,Reverence,Joy
26,33,Love,Patriotism
25,45,Longing,Wisdom
33,18,Patriotism,Happiness
28,25,Melancholy,Longing
29,34,Mixed,Philosophy
30,9,Modesty,Confidence
34,29,Philosophy,Mixed
34,39,Philosophy,Sadness
33,18,Patriotism,Happiness
25,28,Longing,Melancholy
23,22,Joy,Integrity
26,32,Love,Patience
3,7,Care,Compassion
42,30,Shame,Modesty
25,28,Longing,Melancholy
39,31,Sadness,Nature
39,31,Sadness,Nature
0,21,Anger,Humility
26,23,Love,Joy
26,4,Love,Caution
4,41,Caution,Self-Control
36,9,Respect,Confidence
0,29,Anger,Mixed
9,35,Confidence,Pride
15,45,Fear,Wisdom
31,29,Nature,Mixed
18,29,Happiness,Mixed
25,28,Longing,Melancholy
33,39,Patriotism,Sadness
15,14,Fear,Duty
3,37,Care,Responsibility
28,25,Melancholy,Longing
25,28,Longing,Melancholy
29,34,Mixed,Philosophy
39,33,Sadness,Patriotism
4,11,Caution,Courage
25,9,Longing,Confidence
24,10,Kindness,Contentment
25,28,Longing,Melancholy
25,28,Longing,Melancholy
28,25,Melancholy,Longing
24,23,Kindness,Joy
34,13,Philosophy,Devotion
39,33,Sadness,Patriotism
9,17,Confidence,Gratitude
33,29,Patriotism,Mixed
29,34,Mixed,Philosophy
29,18,Mixed,Happiness
42,44,Shame,Sorrow
25,8,Longing,Complaint
27,41,Loyalty,Self-Control
26,42,Love,Shame
39,33,Sadness,Patriotism
4,16,Caution,Generosity
42,9,Shame,Confidence
36,14,Respect,Duty
25,28,Longing,Melancholy
25,28,Longing,Melancholy
26,34,Love,Philosophy
31,33,Nature,Patriotism
39,31,Sadness,Nature
45,37,Wisdom,Responsibility
25,10,Longing,Contentment
4,10,Caution,Contentment
25,28,Longing,Melancholy
25,28,Longing,Melancholy
25,28,Longing,Melancholy
29,39,Mixed,Sadness
26,7,Love,Compassion
39,13,Sadness,Devotion
31,18,Nature,Happiness
34,39,Philosophy,Sadness
30,41,Modesty,Self-Control
25,42,Longing,Shame
34,39,Philosophy,Sadness
39,34,Sadness,Philosophy
18,31,Happiness,Nature
33,39,Patriotism,Sadness
12,28,Despair,Melancholy
25,35,Longing,Pride
39,34,Sadness,Philosophy
36,2,Respect,Calmness
42,9,Shame,Confidence
35,8,Pride,Complaint
26,7,Love,Compassion
25,37,Longing,Responsibility
17,10,Gratitude,Contentment
34,13,Philosophy,Devotion
45,38,Wisdom,Reverence
25,28,Longing,Melancholy
9,35,Confidence,Pride
25,28,Longing,Melancholy
39,29,Sadness,Mixed
25,28,Longing,Melancholy
26,41,Love,Self-Control
11,19,Courage,Honesty
42,10,Shame,Contentment
15,31,Fear,Nature
0,39,Anger,Sadness
26,29,Love,Mixed
36,11,Respect,Courage
25,44,Longing,Sorrow
25,28,Longing,Melancholy
15,14,Fear,Duty
25,28,Longing,Melancholy
39,18,Sadness,Happiness
25,28,Longing,Melancholy
34,33,Philosophy,Patriotism
15,39,Fear,Sadness
25,17,Longing,Gratitude
34,18,Philosophy,Happiness
4,10,Caution,Contentment
13,34,Devotion,Philosophy
26,39,Love,Sadness
26,34,Love,Philosophy
4,7,Caution,Compassion
0,29,Anger,Mixed
4,17,Caution,Gratitude
39,18,Sadness,Happiness
17,44,Gratitude,Sorrow
39,29,Sadness,Mixed
25,28,Longing,Melancholy
31,39,Nature,Sadness
29,34,Mixed,Philosophy
31,34,Nature,Philosophy
39,34,Sadness,Philosophy
15,39,Fear,Sadness
35,45,Pride,Wisdom
39,31,Sadness,Nature
18,33,Happiness,Patriotism
12,28,Despair,Melancholy
26,39,Love,Sadness
39,33,Sadness,Patriotism
25,28,Longing,Melancholy
18,34,Happiness,Philosophy
0,18,Anger,Happiness
25,28,Longing,Melancholy
12,28,Despair,Melancholy
41,22,Self-Control,Integrity
25,28,Longing,Melancholy
33,31,Patriotism,Nature
26,18,Love,Happiness
26,17,Love,Gratitude
34,18,Philosophy,Happiness
39,33,Sadness,Patriotism
25,10,Longing,Contentment
25,28,Longing,Melancholy
39,0,Sadness,Anger
4,19,Caution,Honesty
40,5,Security,Clarity
26,39,Love,Sadness
45,37,Wisdom,Responsibility
39,34,Sadness,Philosophy
18,31,Happiness,Nature
34,18,Philosophy,Happiness
45,9,Wisdom,Confidence
26,33,Love,Patriotism
36,17,Respect,Gratitude
36,19,Respect,Honesty
39,33,Sadness,Patriotism
9,11,Confidence,Courage
29,39,Mixed,Sadness
15,31,Fear,Nature
15,0,Fear,Anger
39,33,Sadness,Patriotism
18,33,Happiness,Patriotism
35,4,Pride,Caution
25,28,Longing,Melancholy
4,24,Caution,Kindness
15,44,Fear,Sorrow
0,18,Anger,Happiness
29,33,Mixed,Patriotism
34,33,Philosophy,Patriotism
11,9,Courage,Confidence
33,34,Patriotism,Philosophy
26,19,Love,Honesty
25,28,Longing,Melancholy
13,28,Devotion,Melancholy
26,18,Love,Happiness
18,31,Happiness,Nature
25,45,Longing,Wisdom
18,39,Happiness,Sadness
33,39,Patriotism,Sadness
25,35,Longing,Pride
26,18,Love,Happiness
25,28,Longing,Melancholy
37,45,Responsibility,Wisdom
16,32,Generosity,Patience
25,16,Longing,Generosity
39,31,Sadness,Nature
39,33,Sadness,Patriotism
25,28,Longing,Melancholy
25,28,Longing,Melancholy
25,28,Longing,Melancholy
18,39,Happiness,Sadness
28,25,Melancholy,Longing
39,31,Sadness,Nature
25,28,Longing,Melancholy
25,28,Longing,Melancholy
35,42,Pride,Shame
4,24,Caution,Kindness
28,25,Melancholy,Longing
33,39,Patriotism,Sadness
25,42,Longing,Shame
16,22,Generosity,Integrity
39,31,Sadness,Nature
26,36,Love,Respect
25,28,Longing,Melancholy
36,42,Respect,Shame
12,28,Despair,Melancholy
25,28,Longing,Melancholy
32,17,Patience,Gratitude
31,33,Nature,Patriotism
10,16,Contentment,Generosity
23,17,Joy,Gratitude
26,31,Love,Nature
39,29,Sadness,Mixed
25,28,Longing,Melancholy
10,38,Contentment,Reverence
30,16,Modesty,Generosity
26,37,Love,Responsibility
39,31,Sadness,Nature
4,42,Caution,Shame
39,31,Sadness,Nature
37,21,Responsibility,Humility
15,39,Fear,Sadness
45,37,Wisdom,Responsibility
40,45,Security,Wisdom
25,28,Longing,Melancholy
21,9,Humility,Confidence
0,39,Anger,Sadness
15,34,Fear,Philosophy
14,7,Duty,Compassion
33,39,Patriotism,Sadness
36,42,Respect,Shame
26,45,Love,Wisdom
25,41,Longing,Self-Control
34,39,Philosophy,Sadness
15,39,Fear,Sadness
34,39,Philosophy,Sadness
16,7,Generosity,Compassion
25,28,Longing,Melancholy
39,34,Sadness,Philosophy
15,24,Fear,Kindness
24,42,Kindness,Shame
12,28,Despair,Melancholy
9,17,Confidence,Gratitude
25,28,Longing,Melancholy
38,9,Reverence,Confidence
26,18,Love,Happiness
45,4,Wisdom,Caution
25,28,Longing,Melancholy
26,42,Love,Shame
0,36,Anger,Respect
18,39,Happiness,Sadness
42,9,Shame,Confidence
26,4,Love,Caution
26,29,Love,Mixed
33,39,Patriotism,Sadness
29,34,Mixed,Philosophy
18,39,Happiness,Sadness
22,37,Integrity,Responsibility
26,29,Love,Mixed
28,25,Melancholy,Longing
4,7,Caution,Compassion
26,33,Love,Patriotism
18,33,Happiness,Patriotism
28,25,Melancholy,Longing
11,37,Courage,Responsibility
39,34,Sadness,Philosophy
39,31,Sadness,Nature
4,35,Caution,Pride
17,4,Gratitude,Caution
13,39,Devotion,Sadness
12,28,Despair,Melancholy
26,37,Love,Responsibility
4,45,Caution,Wisdom
28,25,Melancholy,Longing
28,25,Melancholy,Longing
39,34,Sadness,Philosophy
25,28,Longing,Melancholy
36,38,Respect,Reverence
10,7,Contentment,Compassion
26,39,Love,Sadness
23,45,Joy,Wisdom
26,0,Love,Anger
39,26,Sadness,Love
25,28,Longing,Melancholy
25,28,Longing,Melancholy
25,28,Longing,Melancholy
25,28,Longing,Melancholy
25,28,Longing,Melancholy
35,9,Pride,Confidence
34,13,Philosophy,Devotion
25,28,Longing,Melancholy
